{
  "format_version": "1.10.0",
  "animation_controllers": {
    "controller.animation.glacialsword": {
      "states": {
        "default": {
          "transitions": [
            {
              "glacialsword": "(1.0)"
            }
          ],
          "on_entry": [
            "/function glacialsword"

          ]
        },
        "glacialsword": {
          "transitions": [
            {
              "default": "(1.0)"
            }
          ],
          "on_entry": [
            "/function glacialsword"
          ]
        }
      }
    }
  }
}