{
  "tiers": [
    {
      "trades": [
        {
          "wants": [
            {
              "item": "minecraft:rabbit_foot",
              "quantity": 20
            }
          ],
          "gives": [
            {
              "item": "minecraft:diamond_sword",
              "quantity": 1
            }
          ]
        },
        {
          "wants": [
            {
              "item": "minecraft:rabbit_foot",
              "quantity": 15
            }
          ],
          "gives": [
            {
              "item": "minecraft:trident",
              "quantity": 1
            }
          ]
        },
	{
          "wants": [
            {
              "item": "minecraft:rabbit_foot",
              "quantity": 40
            }
          ],
          "gives": [
            {
              "item": "minecraft:bow",
              "quantity": 1
            }
          ]
        },
        {
          "wants": [
            {
              "item": "minecraft:rabbit_foot",
              "quantity": 30
            }
          ],
          "gives": [
            {
              "item": "minecraft:fishing_rod",
              "quantity": 1
            }
          ]
        }
      ]
    }
  ]
}


