{
  "tiers": [
    {
      "trades": [
        {
          "wants": [
            {
              "item": "minecraft:rabbit_foot",
              "quantity": 5
            }
          ],
          "gives": [
            {
              "item": "minecraft:arrow",
              "quantity": 8
            }
          ]
        },
        {
          "wants": [
            {
              "item": "minecraft:rabbit_foot",
              "quantity": 10
            }
          ],
          "gives": [
            {
              "item": "minecraft:ender_pearl",
              "quantity": 2
            }
          ]
        }
      ]
    }
  ]
}


