{
  "tiers": [
    {
      "trades": [
        {
          "wants": [
            {
              "item": "minecraft:rabbit_foot",
              "quantity": 10
            }
          ],
          "gives": [
            {
              "item": "minecraft:stone_sword",
              "quantity": 1
            }
          ]
        },
        {
          "wants": [
            {
              "item": "minecraft:rabbit_foot",
              "quantity": 15
            }
          ],
          "gives": [
            {
              "item": "minecraft:iron_sword",
              "quantity": 1
            }
          ]
        }
      ]
    }
  ]
}


