{
  "tiers": [
    {
      "trades": [
        {
          "wants": [
            {
              "item": "minecraft:rabbit_foot",
              "quantity": 5
            }
          ],
          "gives": [
            {
              "item": "minecraft:chainmail_helmet",
              "quantity": 1
            }
          ]
        },
        {
          "wants": [
            {
              "item": "minecraft:rabbit_foot",
              "quantity": 5
            }
          ],
          "gives": [
            {
              "item": "minecraft:chainmail_chestplate",
              "quantity": 1
            }
          ]
        },
        {
          "wants": [
            {
              "item": "minecraft:rabbit_foot",
              "quantity": 5
            }
          ],
          "gives": [
            {
              "item": "minecraft:chainmail_leggings",
              "quantity": 1
            }
          ]
        },
        {
          "wants": [
            {
              "item": "minecraft:rabbit_foot",
              "quantity": 5
            }
          ],
          "gives": [
            {
              "item": "minecraft:chainmail_boots",
              "quantity": 1
            }
          ]
        }
      ]
    }
  ]
}


