{
  "tiers": [
    {
      "trades": [
        {
          "wants": [
            {
              "item": "minecraft:rabbit_foot",
              "quantity": 25
            }
          ],
          "gives": [
            {
              "item": "minecraft:elytra",
              "quantity": 1
            }
          ]
        },
	{
          "wants": [
            {
              "item": "minecraft:rabbit_foot",
              "quantity": 64
            }
          ],
          "gives": [
            {
              "item": "minecraft:totem",
              "quantity": 1
            }
          ]
        }
      ]
    }
  ]
}


