{
    "pools": [
        {
            "rolls": 1,
            "entries": [
                {
                    "type": "item",
                    "name": "minecraft:stone_sword",
                    "weight": 1,
                    "functions": [
                        {
                            "function": "set_count",
                            "count": {
                                "min": 0,
                                "max": 1
                            }
                        },
						{
                          "function": "enchant_with_levels",
                          "treasure": true,
                          "levels": {
                              "min": -10,
                              "max": 30
                            }
                        }
                    ]
                }
            ]
        },
        {
            "rolls": 1,
            "entries": [
                {
                    "type": "item",
                    "name": "minecraft:chain_helmet",
                    "weight": 1,
                    "functions": [
                        {
                            "function": "set_count",
                            "count": {
                                "min": 0,
                                "max": 1
                            }
                        },
						{
                          "function": "enchant_with_levels",
                          "treasure": true,
                          "levels": {
                              "min": -10,
                              "max": 30
                            }
                        }
                    ]
                }
            ]
        },
		{
            "rolls": 1,
            "entries": [
                {
                    "type": "item",
                    "name": "minecraft:iron_chestplate",
                    "weight": 1,
                    "functions": [
                        {
                            "function": "set_count",
                            "count": {
                                "min": 0,
                                "max": 1
                            }
                        },
						{
                          "function": "enchant_with_levels",
                          "treasure": true,
                          "levels": {
                              "min": -10,
                              "max": 30
                            }
                        }
                    ]
                }
            ]
        },
		{
            "rolls": 1,
            "entries": [
                {
                    "type": "item",
                    "name": "minecraft:iron_leggings",
                    "weight": 1,
                    "functions": [
                        {
                            "function": "set_count",
                            "count": {
                                "min": 0,
                                "max": 1
                            }
                        },
						{
                          "function": "enchant_with_levels",
                          "treasure": true,
                          "levels": {
                              "min": -10,
                              "max": 30
                            }
                        }
                    ]
                }
            ]
        },
		{
            "rolls": 1,
            "entries": [
                {
                    "type": "item",
                    "name": "minecraft:iron_boots",
                    "weight": 1,
                    "functions": [
                        {
                            "function": "set_count",
                            "count": {
                                "min": 0,
                                "max": 1
                            }
                        },
						{
                          "function": "enchant_with_levels",
                          "treasure": true,
                          "levels": {
                              "min": -10,
                              "max": 30
                            }
                        }
                    ]
                }
            ]
        }
    ]
}