{
    "pools": [
		{
            "rolls": 1,
            "entries": [
                {
                    "type": "item",
                    "name": "minecraft:redstone",
                    "weight": 1,
                    "functions": [
                        {
                            "function": "set_count",
                            "count": {
                                "min": 8,
                                "max": 13
                            }
                        }
                    ]
                }
            ]
        },
		{
            "rolls": 1,
            "entries": [
                {
                    "type": "item",
                    "name": "minecraft:quartz",
                    "weight": 1,
                    "functions": [
                        {
                            "function": "set_count",
                            "count": {
                                "min": 4,
                                "max": 9
                            }
                        }
                    ]
                }
            ]
        },
		{
            "rolls": 1,
            "entries": [
                {
                    "type": "item",
                    "name": "minecraft:diamond_block",
                    "weight": 1,
                    "functions": [
                        {
                            "function": "set_count",
                            "count": {
                                "min": 1,
                                "max": 3
                            }
                        },
						{
                            "function": "set_data",
                            "data": 4
                        }
                    ]
                }
            ]
        },
		{
            "rolls": 1,
            "entries": [
                {
                    "type": "item",
                    "name": "minecraft:emerald_block",
                    "weight": 1,
                    "functions": [
                        {
                            "function": "set_count",
                            "count": {
                                "min": 1,
                                "max": 3
                            }
                        }
                    ]
                }
            ]
        },
		{
            "rolls": 1,
            "entries": [
                {
                    "type": "item",
                    "name": "minecraft:diamond",
                    "weight": 1,
                    "functions": [
                        {
                            "function": "set_count",
                            "count": {
                                "min": 2,
                                "max": 7
                            }
                        }
                    ]
                }
            ]
        },
		{
            "rolls": 1,
            "entries": [
                {
                    "type": "item",
                    "name": "minecraft:iron_ingot",
                    "weight": 1,
                    "functions": [
                        {
                            "function": "set_count",
                            "count": {
                                "min": 8,
                                "max": 13
                            }
                        }
                    ]
                }
            ]
        },
        {
            "rolls": 1,
            "entries": [
                {
                    "type": "item",
                    "name": "minecraft:gold_ingot",
                    "weight": 1,
                    "functions": [
                        {
                            "function": "set_count",
                            "count": {
                                "min": 6,
                                "max": 11
                            }
                        }
                    ]
                }
            ]
        }
    ]
}