{
    "pools": [
        {
            "rolls": 1,
            "entries": [
                {
                    "type": "item",
                    "name": "minecraft:diamond_block",
                    "weight": 1,
                    "functions": [
                        {
                            "function": "set_count",
                            "count": {
                                "min": 2,
                                "max": 5
                            }
                        },
						{
                            "function": "set_data",
                            "data": 4
                        }
                    ]
                }
            ]
        {
            "rolls": 1,
            "entries": [
                {
                    "type": "item",
                    "name": "minecraft:iron_pickaxe",
                    "weight": 1,
                    "functions": [
                        {
                            "function": "set_count",
                            "count": {
                                "min": 0,
                                "max": 1
                            }
                        },
						{
                          "function": "enchant_with_levels",
                          "treasure": true,
                          "levels": {
                              "min": -10,
                              "max": 30
                            }
                        }
                    ]
                }
            ]
        },
		{
            "rolls": 1,
            "entries": [
                {
                    "type": "item",
                    "name": "minecraft:stone_axe",
                    "weight": 1,
                    "functions": [
                        {
                            "function": "set_count",
                            "count": {
                                "min": 0,
                                "max": 1
                            }
                        },
						{
                          "function": "enchant_with_levels",
                          "treasure": true,
                          "levels": {
                              "min": -10,
                              "max": 30
                            }
                        }
                    ]
                }
            ]
        },
		{
            "rolls": 1,
            "entries": [
                {
                    "type": "item",
                    "name": "minecraft:stone_hoe",
                    "weight": 1,
                    "functions": [
                        {
                            "function": "set_count",
                            "count": {
                                "min": 0,
                                "max": 1
                            }
                        },
						{
                          "function": "enchant_with_levels",
                          "treasure": true,
                          "levels": {
                              "min": -10,
                              "max": 30
                            }
                        }
                    ]
                }
            ]
        }
    ]
}