 {
  "format_version": "1.16.100",
  "minecraft:block": {
    "description": {
      "identifier": "effect99:lucky_block_rainbow",
      "is_experimental": false
    },
    "components": {
      "minecraft:loot": "loot_tables/blocks/lucky_block_rainbow.json",
      "minecraft:destroy_time": 0.5,
      "minecraft:material_instances": {
        "*": {
          "texture": "lucky_block_rainbow",
          "render_method": "blend"
        }
      },
      "minecraft:block_light_emission": 0,
      "minecraft:flammable": {
        "flame_odds": 0,
        "burn_odds": 0
      },
      "minecraft:friction": 0.5,
      "minecraft:explosion_resistance": 999,
      "minecraft:block_light_absorption": 0,
      "minecraft:map_color": "#000000"
    }
  }
}