{
  "format_version": "1.16.100",
  "minecraft:block": {
    "description": {
      "identifier": "effect99:sign_off",
      "is_experimental": false,
      "register_to_creative_menu": false,
      "properties": {
        "sign_ft:rotation": [1, 2, 3, 4, 5, 6]
      }
    },
    "components": {
     "minecraft:on_interact": {
       "event": "player_interact"
      },
      "minecraft:loot": "loot_tables/blocks/null.json",
      "minecraft:destroy_time": 300,
      "minecraft:material_instances": {
        "*": {
          "texture": "sign_off",
          "render_method": "blend"
        }
      },
      "minecraft:block_light_emission": 0,
      "minecraft:flammable": {
        "flame_odds": 0,
        "burn_odds": 0
      },
      "minecraft:friction": 0.5,
      "minecraft:geometry": "geometry.sign_off",
      "minecraft:entity_collision": {
        "origin": [ -8, 4.2, 6 ],
        "size": [ 16, 8.2, 2 ]
      },
      "minecraft:pick_collision": {
        "origin": [ -8, 4.2, 6 ],
        "size": [ 16, 8.2, 2 ]
      },
      "minecraft:explosion_resistance": 1,
      "minecraft:block_light_absorption": 0,
      "minecraft:map_color": "#000000",
      "minecraft:on_player_placing": {
        "event": "sign_ft:event_place"
      }
    },
    "events": {
      "sign_ft:event_place": {
        "set_block_property": {
          "sign_ft:rotation": "(query.cardinal_player_facing)"
        }
      },
      "player_interact": {
          "sequence": [
          	{
              "run_command": {
                  "command": "function off_commands",
                  "target": "self"
             }
           }
         ]
       }
    },
    "permutations": [
      {
        "condition": "query.block_property('sign_ft:rotation') == 2",
        "components": {
          "minecraft:rotation": [ 0, 180, 0 ]
        }
      },
      {
        "condition": "query.block_property('sign_ft:rotation') == 3",
        "components": {
          "minecraft:rotation": [ 0, 0, 0 ]
        }
      },
      {
        "condition": "query.block_property('sign_ft:rotation') == 4",
        "components": {
          "minecraft:rotation": [ 0, 270, 0 ]
        }
      },
      {
        "condition": "query.block_property('sign_ft:rotation') == 5",
        "components": {
          "minecraft:rotation": [ 0, 90, 0 ]
        }
      }
    ]
  }
}