{
   "pools": [
     {
        "rolls": 1,
       "entries": [
         {
           "type": "item",
           "name": "minecraft:spawn_egg",
           "weight": 1,
           "functions": [
                        {
                            "function": "set_data",
                            "data": 54
                        }, 
             {
               "function": "set_count",
               "count": {
                 "min": 1,
                 "max": 1
               }
             }
           ]
         }
       ]
     }
   ]
 } 