{
  "minecraft:entity": {
    "version": 1,
    "component_groups": {
      "minecraft:shulker_purple": {
        "minecraft:variant": {
          "value": 0
        }, 
 
        "minecraft:trade_table": {
          "display_name": "Dangerous Soda",
          "table": "trading/purple.json"
        }
      },
      "minecraft:shulker_black": {
        "minecraft:variant": {
          "value": 1
        }
      },
      "minecraft:shulker_blue": {
        "minecraft:variant": {
          "value": 2
        }, 

        "minecraft:trade_table": {
          "display_name": "Mineral Water",
          "table": "trading/blue.json"
        }
      },
      "minecraft:shulker_brown": {
        "minecraft:variant": {
          "value": 3
        }, 

        "minecraft:trade_table": {
          "display_name": "Meaty Food Store Machine",
          "table": "trading/brown.json"
        }
      },
      "minecraft:shulker_cyan": {
        "minecraft:variant": {
          "value": 4
        }, 

        "minecraft:trade_table": {
          "display_name": "Fruit Store Machine",
          "table": "trading/cyan.json"
        }
      },
      "minecraft:shulker_gray": {
        "minecraft:variant": {
          "value": 5
        }, 

        "minecraft:trade_table": {
          "display_name": "Tool Store Machine",
          "table": "trading/gray.json"
        }
      },
      "minecraft:shulker_green": {
        "minecraft:variant": {
          "value": 6
        }, 

        "minecraft:trade_table": {
          "display_name": "Toxic Soda",
          "table": "trading/green.json"
        }
      },
      "minecraft:shulker_light_blue": {
        "minecraft:variant": {
          "value": 7
        }, 

        "minecraft:trade_table": {
          "display_name": "Vegetable Store Machine",
          "table": "trading/lightblue.json"
        }
      },
      "minecraft:shulker_lime": {
        "minecraft:variant": {
          "value": 8
        }, 

        "minecraft:trade_table": {
          "display_name": "Leaping Soda",
          "table": "trading/lime.json"
        }
      },
      "minecraft:shulker_magenta": {
        "minecraft:variant": {
          "value": 9
        }, 

        "minecraft:trade_table": {
          "display_name": "Sweet Desserts Store Machine",
          "table": "trading/magenta.json"
        }
      },
      "minecraft:shulker_orange": {
        "minecraft:variant": {
          "value": 10
        }, 

        "minecraft:trade_table": {
          "display_name": "Fire Soda",
          "table": "trading/orange.json"
        }
      },
 
      "minecraft:shulker_pink": {
        "minecraft:variant": {
          "value": 11
        }, 

        "minecraft:trade_table": {
          "display_name": "Healing Soda",
          "table": "trading/pink.json"
        }
      },
      "minecraft:shulker_red": {
        "minecraft:variant": {
          "value": 12
        }, 

        "minecraft:trade_table": {
          "display_name": "Yummy Blood Soda",
          "table": "trading/red.json"
        }
      },
      "minecraft:shulker_silver": {
        "minecraft:variant": {
          "value": 13
        }, 

        "minecraft:trade_table": {
          "display_name": "Weapon Store Machine",
          "table": "trading/silver.json"
        }
      },
      "minecraft:shulker_white": {
        "minecraft:variant": {
          "value": 14
        }
      },
      "minecraft:shulker_yellow": {
        "minecraft:variant": {
          "value": 15
        }, 

        "minecraft:trade_table": {
          "display_name": "A.T.M.",
          "table": "trading/yellow.json"
        }
      } 
    },

    "components": {
      "minecraft:identifier": {
        "id": "minecraft:shulker"
      },
      "minecraft:type_family": {
        "family": [ "shulker" ]
      },
      "minecraft:breathable": {
        "totalSupply": 15,
        "suffocateTime": 0
      }, 
      "minecraft:health": {
        "value": 10,
        "max": 10
      },
      "minecraft:movement": {
        "value": 0.0,
        "max": 0.0
      },
      "minecraft:loot": {
        "table": "loots/MVM.json"
      },
      "minecraft:scale": {
        "value": 3.0 
      },
      "minecraft:interact": [
        {
          "on_interact": {
            "filters": {
              "other_with_item": "dye:0",
              "other_with_families": "player",
              "player_with_instabuild" : true
            },
            "event": "minecraft:turn_black"
          },
          "use_item": "true"
        },
        {
          "on_interact": {
            "filters": {
              "other_with_item": "dye:8",
              "other_with_families": "player",
              "player_with_instabuild" : true
            },
            "event": "minecraft:turn_gray"
          },
          "use_item": "true"
        },
        {
          "on_interact": {
            "filters": {
              "other_with_item": "dye:7",
              "other_with_families": "player",
              "player_with_instabuild" : true
            },
            "event": "minecraft:turn_silver"
          },
          "use_item": "true"
        },
        {
          "on_interact": {
            "filters": {
              "other_with_item": "dye:15",
              "other_with_families": "player",
              "player_with_instabuild" : true
            },
            "event": "minecraft:turn_white"
          },
          "use_item": "true"
        },
        {
          "on_interact": {
            "filters": {
              "other_with_item": "dye:12",
              "other_with_families": "player",
              "player_with_instabuild" : true
            },
            "event": "minecraft:turn_light_blue"
          },
          "use_item": "true"
        },
        {
          "on_interact": {
            "filters": {
              "other_with_item": "dye:14",
              "other_with_families": "player",
              "player_with_instabuild" : true
            },
            "event": "minecraft:turn_orange"
          },
          "use_item": "true"
        },
        {
          "on_interact": {
            "filters": {
              "other_with_item": "dye:1",
              "other_with_families": "player",
              "player_with_instabuild" : true
            },
            "event": "minecraft:turn_red"
          },
          "use_item": "true"
        },
        {
          "on_interact": {
            "filters": {
              "other_with_item": "dye:4",
              "other_with_families": "player",
              "player_with_instabuild" : true
            },
            "event": "minecraft:turn_blue"
          },
          "use_item": "true"
        },
        {
          "on_interact": {
            "filters": {
              "other_with_item": "dye:5",
              "other_with_families": "player",
              "player_with_instabuild" : true
            },
            "event": "minecraft:turn_purple"
          },
          "use_item": "true"
        },
        {
          "on_interact": {
            "filters": {
              "other_with_item": "dye:13",
              "other_with_families": "player",
              "player_with_instabuild" : true
            },
            "event": "minecraft:turn_magenta"
          },
          "use_item": "true"
        },
        {
          "on_interact": {
            "filters": {
              "other_with_item": "dye:9",
              "other_with_families": "player",
              "player_with_instabuild" : true
            },
            "event": "minecraft:turn_pink"
          },
          "use_item": "true"
        },
        {
          "on_interact": {
            "filters": {
              "other_with_item": "dye:3",
              "other_with_families": "player",
              "player_with_instabuild" : true
            },
            "event": "minecraft:turn_brown"
          },
          "use_item": "true"
        },
        {
          "on_interact": {
            "filters": {
              "other_with_item": "dye:11",
              "other_with_families": "player",
              "player_with_instabuild" : true
            },
            "event": "minecraft:turn_yellow"
          },
          "use_item": "true"
        },
        {
          "on_interact": {
            "filters": {
              "other_with_item": "dye:10",
              "other_with_families": "player",
              "player_with_instabuild" : true
            },
            "event": "minecraft:turn_lime"
          },
          "use_item": "true"
        },
        {
          "on_interact": {
            "filters": {
              "other_with_item": "dye:2",
              "other_with_families": "player",
              "player_with_instabuild" : true
            },
            "event": "minecraft:turn_green"
          },
          "use_item": "true"
        },
        {
          "on_interact": {
            "filters": {
              "other_with_item": "dye:6",
              "other_with_families": "player",
              "player_with_instabuild" : true
            },
            "event": "minecraft:turn_cyan"
          },
          "use_item": "true"
        }
      ]
    },

    "events": {
      "minecraft:entity_spawned": {
        "add": {
          "component_groups": [
            "minecraft:shulker_purple"
          ]
        }
      },
      "minecraft:turn_purple": {
        "add": {
          "component_groups": [
            "minecraft:shulker_purple"
          ]
        }
      },
      "minecraft:turn_black": {
        "add": {
          "component_groups": [
            "minecraft:shulker_black"
          ]
        }
      },
      "minecraft:turn_blue": {
        "add": {
          "component_groups": [
            "minecraft:shulker_blue"
          ]
        }
      },
      "minecraft:turn_brown": {
        "add": {
          "component_groups": [
            "minecraft:shulker_brown"
          ]
        }
      },
      "minecraft:turn_cyan": {
        "add": {
          "component_groups": [
            "minecraft:shulker_cyan"
          ]
        }
      },
      "minecraft:turn_gray": {
        "add": {
          "component_groups": [
            "minecraft:shulker_gray"
          ]
        }
      },
      "minecraft:turn_green": {
        "add": {
          "component_groups": [
            "minecraft:shulker_green"
          ]
        }
      },
      "minecraft:turn_light_blue": {
        "add": {
          "component_groups": [
            "minecraft:shulker_light_blue"
          ]
        }
      },
      "minecraft:turn_lime": {
        "add": {
          "component_groups": [
            "minecraft:shulker_lime"
          ]
        }
      },
      "minecraft:turn_magenta": {
        "add": {
          "component_groups": [
            "minecraft:shulker_magenta"
          ]
        }
      },
      "minecraft:turn_orange": {
        "add": {
          "component_groups": [
            "minecraft:shulker_orange"
          ]
        }
      },
      "minecraft:turn_pink": {
        "add": {
          "component_groups": [
            "minecraft:shulker_pink"
          ]
        }
      },
      "minecraft:turn_red": {
        "add": {
          "component_groups": [
            "minecraft:shulker_red"
          ]
        }
      },
      "minecraft:turn_silver": {
        "add": {
          "component_groups": [
            "minecraft:shulker_silver"
          ]
        }
      },
      "minecraft:turn_white": {
        "add": {
          "component_groups": [
            "minecraft:shulker_white"
          ]
        }
      },
      "minecraft:turn_yellow": {
        "add": {
          "component_groups": [
            "minecraft:shulker_yellow"
          ]
        }
      }
    }
  }
}
