{
  "format_version": "1.12.0",
  "minecraft:item": {
    "description": {
      "identifier": "lucky:cookie_heart"
    },

    "components": {
      "minecraft:stacked_by_data": true,
      "minecraft:use_duration": 5,
      "minecraft:foil": false,
  
      "minecraft:food": {
        "nutrition":8,
        "saturation_modifier": "supernatural",
        "can_always_eat": true,
        "effects": [
          {
            "name": "instant_health",
            "chance": 1.0,
            "duration": 1,
            "amplifier": 0
          }
        ]
      }
    }
  }
}