{
  "format_version": "1.16.100",
  "minecraft:item": {
    "description": {
      "identifier": "lucky:grenade",
      "category": "equipment"
    },
    "components": {
      "minecraft:stacked_by_data": true,
      "minecraft:foil": false,
      "minecraft:hand_equipped": false,
      "minecraft:max_stack_size": 64,
      "minecraft:icon": {
        "texture": "grenade"
      },
      "minecraft:display_name": {},
      "minecraft:on_use": {
        "on_use": {
          "event": "on_use"
        }
      }
    },
    "events": {
      "on_use": {
        "sequence": [
          {
            "shoot": {
              "projectile": "entity:grenade",
              "launch_power": 1
            },
            "run_command": {
              "command": [
                "playsound random.bow @a[r=10] ~ ~ ~ 1 0.4", 
                "clear @s lucky:grenade 0 1"
              ],
              "target": "holder"
            }
          }
        ]
      }
    }
  }
}