{
  "format_version": "1.16.100",
  "minecraft:item": {
    "description": {
      "identifier": "lucky:lucky_chestplate",
      "category": "equipment"
    },
    "components": {
      "minecraft:max_stack_size": 1,
      "minecraft:foil": true,
      "minecraft:enchantable": {
        "value": 9,
        "slot": "armor_torso"
      },
      "minecraft:armor": {
        "protection": 12
      },
      "minecraft:wearable": {
        "slot": "slot.armor.chest"
      },
      "minecraft:durability": {
        "max_durability": 1561
      },
      "minecraft:repairable": {
        "repair_items": [
          {
            "items": [
              "lucky:lucky_chestplate"
            ],
            "repair_amount": 1561
          }
        ]
      },
      "minecraft:creative_category": {
        "parent": "itemGroup.name.chestplate"
      },
      "minecraft:icon": {
        "texture": "lucky_chestplate"
      },
      "minecraft:render_offsets": "chestplates",
      "minecraft:display_name": {}
    }
  }
}