{
  "format_version": "1.16.100",
  "minecraft:item": {
    "description": {
      "identifier": "lucky:mini_ghast",
      "category": "Nature"
    },
    "components": {
      "minecraft:creative_category": {
      "parent": "itemGroup.name.mobEgg"
      },
      "minecraft:icon": {
        "texture": "egg_ghast"
      },
      "minecraft:display_name": {
        "value": "Spawn §7Mini Ghast"
      },
      "minecraft:stacked_by_data": true,
      "minecraft:liquid_clipped": true,
      "minecraft:entity_placer": {
        "entity": "spawn_entity:mini_ghast"
      }
    }
  }
}