
[
	
	{
		"pack_id" : "0575c61f-a5da-4b7f-9961-ffda2908861e",
		"version" : [ 0, 1, 0 ]
	},
	
	{
		"pack_id" : "5d0c16e0-319c-3269-8147-1b021d1951ce",
		"version" : [ 4, 0, 1 ]
	},
	
	{
		"pack_id" : "80a72efe-3866-3690-8f4d-7fc810ebb780",
		"version" : [ 0, 1, 0 ]
	},
	
	{
		"pack_id" : "c188387a-c69a-11e6-9d9d-cec0c932ce01",
		"version" : [ 0, 0, 1 ]
	},
	
	{
		"pack_id" : "8b541746-c6f0-11e6-9d9d-cec0c932ce01",
		"version" : [ 1, 1, 1 ]
	},
	
	{
		"pack_id" : "d84e84d2-d406-11e6-bf26-cec0c932ce01",
		"version" : [ 1, 1, 0 ]
	}
]
