{
  "tiers": [
    {
      "trades": [
        {
          "wants": [
            {
              "item": "minecraft:emerald",
              "quantity": {
                "min": 1,
                "max": 2
              }
            }
          ],
          "gives": [
            {
              "item": "minecraft:potion:0"
            }
          ]
        }, 
        {
          "wants": [
            {
              "item": "minecraft:emerald",
              "quantity": {
                "min": 5,
                "max": 6
              }
            }
          ],
          "gives": [
            {
              "item": "minecraft:potion:19"
            }
          ]
        }, 
        {
          "wants": [
            {
              "item": "minecraft:emerald",
              "quantity": {
                "min": 10,
                "max": 11
              }
            }
          ],
          "gives": [
            {
              "item": "minecraft:potion:20"
            }
          ]
        }, 
        {
          "wants": [
            {
              "item": "minecraft:emerald",
              "quantity": {
                "min": 5,
                "max": 6
              }
            }
          ],
          "gives": [
            {
              "item": "minecraft:potion:5"
            }
          ]
        }, 
        {
          "wants": [
            {
              "item": "minecraft:emerald",
              "quantity": {
                "min": 10,
                "max": 11
              }
            }
          ],
          "gives": [
            {
              "item": "minecraft:potion:6"
            }
          ]
        }
      ]
    }
  ]
}
