{
  "tiers": [
    {
      "trades": [
        {
          "wants": [
            {
              "item": "minecraft:emerald",
              "quantity": {
                "min": 3,
                "max": 4
              }
            }
          ],
          "gives": [
            {
              "item": "minecraft:apple"
            }
          ]
        }, 
        {
          "wants": [
            {
              "item": "minecraft:emerald",
              "quantity": {
                "min": 5,
                "max": 6 
              }
            }
          ],
          "gives": [
            {
              "item": "minecraft:melon"
            }
          ]
        }, 
        {
          "wants": [
            {
              "item": "minecraft:emerald",
              "quantity": {
                "min": 8,
                "max": 9
              }
            }
          ],
          "gives": [
            {
              "item": "minecraft:melon_block"
            }
          ]
        }, 
        {
          "wants": [
            {
              "item": "minecraft:emerald",
              "quantity": {
                "min": 15,
                "max": 16
              }
            }
          ],
          "gives": [
            {
              "item": "minecraft:golden_apple"
            }
          ]
        }, 
        {
          "wants": [
            {
              "item": "minecraft:emerald",
              "quantity": {
                "min": 25,
                "max": 26
              }
            }
          ],
          "gives": [
            {
              "item": "minecraft:appleEnchanted"
            }
          ]
        }
      ]
    }
  ]
}
