{
  "tiers": [
    {
      "trades": [
        {
          "wants": [
            {
              "item": "minecraft:emerald",
              "quantity": {
                "min": 7,
                "max": 8
              }
            }
          ],
          "gives": [
            {
              "item": "minecraft:potion:25"
            }
          ]
        }, 
        {
          "wants": [
            {
              "item": "minecraft:emerald",
              "quantity": {
                "min": 14,
                "max": 15
              }
            }
          ],
          "gives": [
            {
              "item": "minecraft:potion:26"
            }
          ]
        }, 
        {
          "wants": [
            {
              "item": "minecraft:rotten_flesh",
              "quantity": {
                "min": 15,
                "max": 16
              }
            }
          ],
          "gives": [
            {
              "item": "minecraft:emerald", 
              "quantity": 3
            }
          ]
        }, 
        {
          "wants": [
            {
              "item": "minecraft:emerald",
              "quantity": {
                "min": 7,
                "max": 8
              }
            }
          ],
          "gives": [
            {
              "item": "minecraft:potion:27"
            }
          ]
        }, 
        {
          "wants": [
            {
              "item": "minecraft:emerald",
              "quantity": {
                "min": 12,
                "max": 13
              }
            }
          ],
          "gives": [
            {
              "item": "minecraft:poisonous_potato"
            }
          ]
        } 
      ]
    }
  ]
}
