{
  "tiers": [
    {
      "trades": [
        {
          "wants": [
            {
              "item": "minecraft:emerald",
              "quantity": {
                "min": 5,
                "max": 7
              }
            }
          ],
          "gives": [
            {
              "item": "minecraft:potion:12"
            }
          ]
        }, 
        {
          "wants": [
            {
              "item": "minecraft:emerald",
              "quantity": {
                "min": 10,
                "max": 12
              }
            }
          ],
          "gives": [
            {
              "item": "minecraft:potion:13"
            }
          ]
        }
      ]
    }
  ]
}
