{
  "tiers": [
    {
      "trades": [
        {
          "wants": [
            {
              "item": "minecraft:emerald",
              "quantity": {
                "min": 10,
                "max": 11
              }
            }
          ],
          "gives": [
            {
              "item": "minecraft:potion:28"
            }
          ]
        }, 
        {
          "wants": [
            {
              "item": "minecraft:emerald",
              "quantity": {
                "min": 12,
                "max": 13
              }
            }
          ],
          "gives": [
            {
              "item": "minecraft:potion:29"
            }
          ]
        }, 
        {
          "wants": [
            {
              "item": "minecraft:emerald",
              "quantity": {
                "min": 15,
                "max": 16
              }
            }
          ],
          "gives": [
            {
              "item": "minecraft:potion:30"
            }
          ]
        }
      ]
    }
  ]
}
