{
  "tiers": [
    {
      "trades": [
        {
          "wants": [
            {
              "item": "minecraft:shulker_shell",
              "quantity": {
                "min": 1,
                "max": 1
              }
            }
          ],
          "gives": [
            {
              "item": "minecraft:emerald"
            }
          ]
        }, 
        {
          "wants": [
            {
              "item": "minecraft:emerald",
              "quantity": {
                "min": 1,
                "max": 1
              }
            }
          ],
          "gives": [
            {
              "item": "minecraft:shulker_shell"
            }
          ]
        }
      ]
    }
  ]
}
