{
  "minecraft:entity": {
    "format_version": 0.1,

    "components": {
      "minecraft:identifier": {
        "id": "minecraft:fishinghook"
      },
      "minecraft:collision_box": {
        "width": 2.56,
        "height": 2.56
      },
      
      "minecraft:projectile": {
        "onHit": {
          "spawn_aoe_cloud": {
            "radius": 4.0,
            "radius_on_use": 0,
            "potion": 23,
            "particle": "dragonbreath",
            "duration": 60,
            "color": [ 50, 205, 50 ],
            "affect_owner": false
          },
          "remove_on_hit": false
        },
        "power": 1.3,
        "gravity": 0.00,
        "inertia": 1,
        "anchor": 2,
      }
    }
  }
}
