{
  "format_version": "1.11.0",
  "minecraft:entity": {
    "description": {
      "identifier": "minecraft:player",
      "is_spawnable": false,
      "is_summonable": false,
      "is_experimental": false,
      "scripts": {
        "animate": [
          "lucky",
          "spiral_magic",
          "grenade",
          "start_charge_bow",
          "start_charge_bow_1",
          "start_charge_bow_2",
          "start_charge_bow_3",
          "spiral_lucky_potion",
          "spiral_very_lucky_potion",
          "spiral_unlucky_potion"
        ]
      },
      "animations": {
        "lucky": "controller.animation.lucky",
        "spiral_magic": "controller.animation.spiral_magic",
        "grenade": "controller.animation.grenade",
        "start_charge_bow": "controller.animation.start_charge_bow",
        "start_charge_bow_1": "controller.animation.start_charge_bow_1",
        "start_charge_bow_2": "controller.animation.start_charge_bow_2",
        "start_charge_bow_3": "controller.animation.start_charge_bow_3",
        "spiral_lucky_potion": "controller.animation.spiral_lucky_potion",
        "spiral_very_lucky_potion": "controller.animation.spiral_very_lucky_potion",
        "spiral_unlucky_potion": "controller.animation.spiral_unlucky_potion"
      }
    },
    "component_groups": {
      "minecraft:normal_player": {
        "minecraft:attack": {
          "damage": 1
        },
        "minecraft:collision_box": {
          "width": 0.6,
          "height": 1.8
        },
        "minecraft:health": {
          "value": 20,
          "max": 20
        }
      },
      "minecraft:spiral_lucky_potion": {
        "minecraft:spawn_entity": [
          {
            "min_wait_time": 0,
            "max_wait_time": 0,
            "single_use": true,
            "spawn_entity": "entity:spiral_lucky_potion",
            "spawn_event": "minecraft:spiral_lucky_potion",
            "num_to_spawn": 1
          }
        ]
      },
      "minecraft:spiral_very_lucky_potion": {
        "minecraft:spawn_entity": [
          {
            "min_wait_time": 0,
            "max_wait_time": 0,
            "single_use": true,
            "spawn_entity": "entity:spiral_lucky_potion",
            "spawn_event": "minecraft:spiral_very_lucky_potion",
            "num_to_spawn": 1
          }
        ]
      },
      "minecraft:spiral_unlucky_potion": {
        "minecraft:spawn_entity": [
          {
            "min_wait_time": 0,
            "max_wait_time": 0,
            "single_use": true,
            "spawn_entity": "entity:spiral_lucky_potion",
            "spawn_event": "minecraft:spiral_unlucky_potion",
            "num_to_spawn": 1
          }
        ]
      },
      "minecraft:shoot_spiral_arrow": {
        "minecraft:spawn_entity": [
          {
            "min_wait_time": 0,
            "max_wait_time": 0,
            "single_use": true,
            "spawn_entity": "entity:spiral_arrow",
            "spawn_event": "minecraft:shoot_triple_bow",
            "num_to_spawn": 3
          }
        ]
      },
      "minecraft:shoot_spiral_arrow_1": {
        "minecraft:spawn_entity": [
          {
            "min_wait_time": 0,
            "max_wait_time": 0,
            "single_use": true,
            "spawn_entity": "entity:spiral_arrow",
            "spawn_event": "minecraft:shoot_triple_bow_1",
            "num_to_spawn": 3
          }
        ]
      },
      "minecraft:shoot_spiral_arrow_2": {
        "minecraft:spawn_entity": [
          {
            "min_wait_time": 0,
            "max_wait_time": 0,
            "single_use": true,
            "spawn_entity": "entity:spiral_arrow",
            "spawn_event": "minecraft:shoot_triple_bow_2",
            "num_to_spawn": 3
          }
        ]
      },
      "minecraft:shoot_spiral_arrow_3": {
        "minecraft:spawn_entity": [
          {
            "min_wait_time": 0,
            "max_wait_time": 0,
            "single_use": true,
            "spawn_entity": "entity:spiral_arrow",
            "spawn_event": "minecraft:shoot_triple_bow_3",
            "num_to_spawn": 3
          }
        ]
      },
      "minecraft:spiral_staff": {
        "minecraft:spawn_entity": [
          {
            "min_wait_time": 0,
            "max_wait_time": 0,
            "single_use": true,
            "spawn_entity": "entity:spiral_magic",
            "num_to_spawn": 1
          }
        ]
      },
      "minecraft:shoot_small_fireball": {
        "minecraft:spawn_entity": [
          {
            "min_wait_time": 0,
            "max_wait_time": 0,
            "single_use": true,
            "spawn_entity": "entity:spiral_fireball",
            "num_to_spawn": 1
          }
        ]
      },
      "minecraft:shoot_spiral_magic": {
        "minecraft:spawn_entity": [
          {
            "min_wait_time": 0,
            "max_wait_time": 0,
            "single_use": true,
            "spawn_entity": "entity:spiral_magic",
            "num_to_spawn": 1
          }
        ]
      },
      "minecraft:shoot_arrow": {
        "minecraft:spawn_entity": [
          {
            "min_wait_time": 0,
            "max_wait_time": 0,
            "single_use": true,
            "spawn_entity": "entity:spiral_arrow",
            "num_to_spawn": 1
          }
        ]
      },
      "minecraft:shoot_snowball": {
        "minecraft:spawn_entity": [
          {
            "min_wait_time": 0,
            "max_wait_time": 0,
            "single_use": true,
            "spawn_entity": "minecraft:snowball",
            "num_to_spawn": 1
          }
        ]
      },
      "minecraft:grenade": {
        "minecraft:spawn_entity": [
          {
            "min_wait_time": 0,
            "max_wait_time": 0,
            "single_use": true,
            "spawn_entity": "entity:grenade",
            "num_to_spawn": 1
          }
        ]
      },
      "minecraft:spiral_magic": {
        "minecraft:spawn_entity": [
          {
            "min_wait_time": 0,
            "max_wait_time": 0,
            "single_use": true,
            "spawn_entity": "entity:spiral_magic",
            "num_to_spawn": 1
          }
        ]
      },
      "minecraft:lucky_sword": {
        "minecraft:health": {
          "value": 25,
          "max": 25
        }
      },
      "minecraft:spiral_lucky_sword": {},
      "minecraft:the_sizeable_slimy_scimitar": {},
      "minecraft:cumbersome_crimson_cutter": {},
      "minecraft:big_blue_blade": {},
      "minecraft:spiral_demolisher": {},
      "minecraft:clunky_coral_chainsaw": {},
      "minecraft:flame_boots": {},
      "minecraft:slime_boots": {},
      "minecraft:soul_of_determination": {
        "minecraft:spell_effects": {
          "add_effects": [
            {
              "effect": "health_boost",
              "duration": 240,
              "amplifier": 2,
              "ambient": 0,
              "visible": 0,
              "display_on_screen_animation": false
            }
          ]
        }
      },
      "minecraft:xray_orb": {
        "minecraft:spell_effects": {
          "add_effects": [
            {
              "effect": "night_vision",
              "duration": 120,
              "amplifier": 0,
              "ambient": 0,
              "visible": 0,
              "display_on_screen_animation": false
            }
          ]
        }
      },
      "minecraft:furious_orb": {
        "minecraft:spell_effects": {
          "add_effects": [
            {
              "effect": "resistance",
              "duration": 120,
              "amplifier": 1,
              "ambient": 0,
              "visible": 0,
              "display_on_screen_animation": false
            }
          ]
        }
      },
      "minecraft:wind_orb": {
        "minecraft:spell_effects": {
          "add_effects": [
            {
              "effect": "speed",
              "duration": 120,
              "amplifier": 3,
              "ambient": 0,
              "visible": 0,
              "display_on_screen_animation": false
            }
          ]
        }
      },
      "minecraft:water_orb": {
        "minecraft:spell_effects": {
          "add_effects": [
            {
              "effect": "water_breathing",
              "duration": 120,
              "amplifier": 0,
              "ambient": 0,
              "visible": 0,
              "display_on_screen_animation": false
            }
          ]
        }
      },
      "minecraft:poison_orb": {
        "minecraft:spell_effects": {
          "add_effects": [
            {
              "effect": "poison",
              "duration": 20,
              "amplifier": 2,
              "ambient": 0,
              "visible": 0,
              "display_on_screen_animation": false
            }
          ]
        }
      },
      "minecraft:jumping_orb": {
        "minecraft:spell_effects": {
          "add_effects": [
            {
              "effect": "jump_boost",
              "duration": 120,
              "amplifier": 4,
              "ambient": 0,
              "visible": 0,
              "display_on_screen_animation": false
            }
          ]
        }
      },
      "minecraft:haste_orb": {
        "minecraft:spell_effects": {
          "add_effects": [
            {
              "effect": "haste",
              "duration": 60,
              "amplifier": 2,
              "ambient": 0,
              "visible": 0,
              "display_on_screen_animation": false
            }
          ]
        }
      },
      "minecraft:healing_orb": {
        "minecraft:spell_effects": {
          "add_effects": [
            {
              "effect": "regeneration",
              "duration": 60,
              "amplifier": 2,
              "ambient": 0,
              "visible": 0,
              "display_on_screen_animation": false
            }
          ]
        }
      },
      "minecraft:fire_orb": {
        "minecraft:spell_effects": {
          "add_effects": [
            {
              "effect": "fire_resistance",
              "duration": 60,
              "amplifier": 1,
              "ambient": 0,
              "visible": 0,
              "display_on_screen_animation": false
            }
          ]
        }
      },
      "minecraft:astral_sword": {},
      "minecraft:astral_axe": {},
      "minecraft:crystal_sword": {
        "minecraft:health": {
          "value": 10,
          "max": 10
        }
      },
      "minecraft:rainbow_sword": {
        "minecraft:health": {
          "value": 30,
          "max": 30
        }
      },
      "minecraft:rainbow_pickaxe": {},
      "minecraft:rainbow_axe": {},
      "minecraft:rainbow_shovel": {},
      "minecraft:emerald_sword": {
        "minecraft:health": {
          "value": 22,
          "max": 22
        }
      },
      "minecraft:sky_sword": {
        "minecraft:spawn_entity": [
          {
            "min_wait_time": 0,
            "max_wait_time": 0,
            "spawn_entity": "entity:sky_sword",
            "num_to_spawn": 1,
            "single_use": true
          }
        ]
      },
      "minecraft:tomb_sword": {
        "minecraft:spawn_entity": [
          {
            "min_wait_time": 0,
            "max_wait_time": 0,
            "spawn_entity": "entity:tomb_sword",
            "num_to_spawn": 1,
            "single_use": true
          }
        ]
      },
      "minecraft:tnt_sword": {
        "minecraft:spawn_entity": [
          {
            "min_wait_time": 0,
            "max_wait_time": 0,
            "spawn_entity": "entity:tnt_sword",
            "num_to_spawn": 1,
            "single_use": true
          }
        ]
      },
      "minecraft:whiter_sword": {
        "minecraft:spawn_entity": [
          {
            "min_wait_time": 0,
            "max_wait_time": 0,
            "spawn_entity": "entity:whiter_sword",
            "num_to_spawn": 1,
            "single_use": true
          }
        ]
      },
      "minecraft:glacial_sword": {
        "minecraft:spawn_entity": [
          {
            "min_wait_time": 0,
            "max_wait_time": 0,
            "spawn_entity": "entity:glacial_sword",
            "num_to_spawn": 1,
            "single_use": true
          }
        ]
      },
      "minecraft:burning_sword": {
        "minecraft:spawn_entity": [
          {
            "min_wait_time": 0,
            "max_wait_time": 0,
            "spawn_entity": "entity:burning_sword",
            "num_to_spawn": 1,
            "single_use": true
          }
        ]
      },
      "minecraft:betty": {},
      "minecraft:knife": {},
      "minecraft:thunder_staff": {
        "minecraft:spawn_entity": [
          {
            "min_wait_time": 0,
            "max_wait_time": 0,
            "spawn_entity": "entity:thunder_staff",
            "num_to_spawn": 1,
            "single_use": true
          }
        ]
      },
      "minecraft:nyan_cats_staff": {
        "minecraft:spawn_entity": [
          {
            "min_wait_time": 0,
            "max_wait_time": 0,
            "spawn_entity": "entity:NyanCats",
            "num_to_spawn": 1,
            "single_use": true
          }
        ]
      },
      "minecraft:add_bad_omen": {
        "minecraft:spell_effects": {
          "add_effects": [
            {
              "effect": "bad_omen",
              "duration": 6000,
              "display_on_screen_animation": true
            }
          ]
        },
        "minecraft:timer": {
          "time": [
            0,
            0
          ],
          "looping": false,
          "time_down_event": {
            "event": "minecraft:clear_add_bad_omen",
            "target": "self"
          }
        }
      },
      "minecraft:clear_bad_omen_spell_effect": {
        "minecraft:spell_effects": {}
      },
      "minecraft:raid_trigger": {
        "minecraft:raid_trigger": {
          "triggered_event": {
            "event": "minecraft:remove_raid_trigger",
            "target": "self"
          }
        },
        "minecraft:spell_effects": {
          "remove_effects": "bad_omen"
        }
      }
    },
    "components": {
      "minecraft:type_family": {
        "family": [
          "player"
        ]
      },
      "minecraft:is_hidden_when_invisible": {},
      "minecraft:movement": {
        "value": 0.1
      },
      "minecraft:loot": {
        "table": "loot_tables/empty.json"
      },
      "minecraft:collision_box": {
        "width": 0.6,
        "height": 1.8
      },
      "minecraft:can_climb": {},
      "minecraft:player.saturation": {
        "value": 20
      },
      "minecraft:player.exhaustion": {
        "value": 0,
        "max": 4
      },
      "minecraft:player.level": {
        "value": 0,
        "max": 24791
      },
      "minecraft:player.experience": {
        "value": 0,
        "max": 1
      },
      "minecraft:breathable": {
        "totalSupply": 15,
        "suffocateTime": -1,
        "inhaleTime": 3.75,
        "generatesBubbles": false
      },
      "minecraft:nameable": {
        "alwaysShow": true,
        "allowNameTagRenaming": false
      },
      "minecraft:physics": {},
      "minecraft:insomnia": {
        "days_until_insomnia": 3
      },
      "minecraft:rideable": {
        "seat_count": 2,
        "family_types": [
          "parrot_tame"
        ],
        "pull_in_entities": true,
        "seats": [
          {
            "position": [
              0.4,
              -0.15,
              0.04
            ],
            "min_rider_count": 0,
            "max_rider_count": 0,
            "lock_rider_rotation": 0
          },
          {
            "position": [
              -0.4,
              -0.15,
              0.04
            ],
            "min_rider_count": 1,
            "max_rider_count": 2,
            "lock_rider_rotation": 0
          }
        ]
      },
      "minecraft:scaffolding_climber": {},
      "minecraft:environment_sensor": [
        {
          "on_environment": {
            "filters": {
              "all_of": [
                {
                  "test": "has_mob_effect",
                  "subject": "self",
                  "value": "bad_omen"
                },
                {
                  "test": "is_in_village",
                  "subject": "self",
                  "value": true
                }
              ]
            },
            "event": "minecraft:trigger_raid"
          }
        },
        {
          "on_environment": {
            "filters": {
              "all_of": [
                {
                  "test": "is_family",
                  "subject": "self",
                  "value": "player"
                }
              ]
            },
            "event": "minecraft:event_normal_player"
          }
        },
        {
          "on_environment": {
            "filters": {
              "all_of": [
                {
                  "test":"has_equipment",
                  "subject": "self",
                  "domain":"hand",
                  "operator":"!=",
                  "value":"lucky:telescope"
                },
                {
                  "test": "has_tag",
                  "operator": "!=",
                  "value": "telescope_stop_event"
                }
              ]
            },
            "event": "minecraft:stop_telescope_event"
          }
        },
        {
          "on_environment": {
            "filters": {
              "all_of": [
                {
                  "test":"has_equipment",
                  "subject": "self",
                  "domain":"hand",
                  "operator":"!=",
                  "value":"lucky:the_sizeable_slimy_scimitar"
                },
                {
                  "test": "has_tag",
                  "operator": "!=",
                  "value": "sizeable_slimy_scimitar_stop_event"
                }
              ]
            },
            "event": "minecraft:stop_sizeable_slimy_scimitar_event"
          }
        },
        {
          "on_environment": {
            "filters": {
              "all_of": [
                {
                  "test":"has_equipment",
                  "subject": "self",
                  "domain":"hand",
                  "operator":"!=",
                  "value":"lucky:cumbersome_crimson_cutter"
                },
                {
                  "test": "has_tag",
                  "operator": "!=",
                  "value": "cumbersome_crimson_cutter_stop_event"
                }
              ]
            },
            "event": "minecraft:stop_cumbersome_crimson_cutter_event"
          }
        },
        {
          "on_environment": {
            "filters": {
              "all_of": [
                {
                  "test":"has_equipment",
                  "subject": "self",
                  "domain":"hand",
                  "operator":"!=",
                  "value":"lucky:big_blue_blade"
                },
                {
                  "test": "has_tag",
                  "operator": "!=",
                  "value": "big_blue_blade_stop_event"
                }
              ]
            },
            "event": "minecraft:stop_big_blue_blade_event"
          }
        },
        {
          "on_environment": {
            "filters": {
              "all_of": [
                {
                  "test":"has_equipment",
                  "subject": "self",
                  "domain":"hand",
                  "operator":"!=",
                  "value":"lucky:spiral_demolisher"
                },
                {
                  "test": "has_tag",
                  "operator": "!=",
                  "value": "spiral_demolisher_stop_event"
                }
              ]
            },
            "event": "minecraft:stop_spiral_demolisher_event"
          }
        },
        {
          "on_environment": {
            "filters": {
              "all_of": [
                {
                  "test":"has_equipment",
                  "subject": "self",
                  "domain":"hand",
                  "operator":"!=",
                  "value":"lucky:clunky_coral_chainsaw"
                },
                {
                  "test": "has_tag",
                  "operator": "!=",
                  "value": "clunky_coral_chainsaw_stop_event"
                }
              ]
            },
            "event": "minecraft:stop_clunky_coral_chainsaw_event"
          }
        },
        {
          "on_environment": {
            "filters": {
              "all_of": [
                {
                  "test":"has_equipment",
                  "subject": "self",
                  "domain":"feet",
                  "operator":"!=",
                  "value":"lucky:flame_boots"
                },
                {
                  "test": "has_tag",
                  "operator": "!=",
                  "value": "flame_boots_stop_event"
                }
              ]
            },
            "event": "minecraft:stop_flame_boots_event"
          }
        },
        {
          "on_environment": {
            "filters": {
              "all_of": [
                {
                  "test":"has_equipment",
                  "subject": "self",
                  "domain":"feet",
                  "operator":"!=",
                  "value":"lucky:slime_boots"
                },
                {
                  "test": "has_tag",
                  "operator": "!=",
                  "value": "slime_boots_stop_event"
                }
              ]
            },
            "event": "minecraft:stop_slime_boots_event"
          }
        },
        {
          "on_environment": {
            "filters": {
              "all_of": [
                {
                  "test": "has_equipment",
                  "subject": "self",
                  "domain": "hand",
                  "value": "lucky:lucky_sword"
                }
              ]
            },
            "event": "minecraft:lucky_sword"
          }
        },
        {
          "on_environment": {
            "filters": {
              "all_of": [
                {
                  "test": "has_equipment",
                  "subject": "self",
                  "domain": "hand",
                  "value": "lucky:spiral_lucky_sword"
                }
              ]
            },
            "event": "minecraft:spiral_lucky_sword"
          }
        },
        {
          "on_environment": {
            "filters": {
              "all_of": [
                {
                  "test": "has_equipment",
                  "subject": "self",
                  "domain": "hand",
                  "value": "lucky:the_sizeable_slimy_scimitar"
                }
              ]
            },
            "event": "minecraft:the_sizeable_slimy_scimitar"
          }
        },
        {
          "on_environment": {
            "filters": {
              "all_of": [
                {
                  "test": "has_equipment",
                  "subject": "self",
                  "domain": "hand",
                  "value": "lucky:cumbersome_crimson_cutter"
                }
              ]
            },
            "event": "minecraft:cumbersome_crimson_cutter"
          }
        },
        {
          "on_environment": {
            "filters": {
              "all_of": [
                {
                  "test": "has_equipment",
                  "subject": "self",
                  "domain": "hand",
                  "value": "lucky:big_blue_blade"
                }
              ]
            },
            "event": "minecraft:big_blue_blade"
          }
        },
        {
          "on_environment": {
            "filters": {
              "all_of": [
                {
                  "test": "has_equipment",
                  "subject": "self",
                  "domain": "hand",
                  "value": "lucky:spiral_demolisher"
                }
              ]
            },
            "event": "minecraft:spiral_demolisher"
          }
        },
        {
          "on_environment": {
            "filters": {
              "all_of": [
                {
                  "test": "has_equipment",
                  "subject": "self",
                  "domain": "hand",
                  "value": "lucky:clunky_coral_chainsaw"
                }
              ]
            },
            "event": "minecraft:clunky_coral_chainsaw"
          }
        },
        {
          "on_environment": {
            "filters": {
              "all_of": [
                {
                  "test": "has_equipment",
                  "subject": "self",
                  "domain": "feet",
                  "value": "lucky:slime_boots"
                }
              ]
            },
            "event": "minecraft:slime_boots"
          }
        },
        {
          "on_environment": {
            "filters": {
              "all_of": [
                {
                  "test": "has_equipment",
                  "subject": "self",
                  "domain": "feet",
                  "value": "lucky:flame_boots"
                }
              ]
            },
            "event": "minecraft:flame_boots"
          }
        },
        {
          "on_environment": {
            "filters": {
              "all_of": [
                {
                  "test": "has_equipment",
                  "subject": "self",
                  "domain": "hand",
                  "value": "lucky:telescope"
                }
              ]
            },
            "event": "minecraft:telescope"
          }
        },
        {
          "on_environment": {
            "filters": {
              "all_of": [
                {
                  "test": "has_tag",
                  "operator": "==",
                  "value": "shoot_snowball"
                }
              ]
            },
            "event": "minecraft:shoot_snowball"
          }
        },
        {
          "on_environment": {
            "filters": {
              "all_of": [
                {
                  "test": "has_tag",
                  "operator": "==",
                  "value": "shoot_arrow"
                }
              ]
            },
            "event": "minecraft:shoot_arrow"
          }
        },
        {
          "on_environment": {
            "filters": {
              "all_of": [
                {
                  "test": "has_tag",
                  "operator": "==",
                  "value": "shoot_spiral_magic"
                }
              ]
            },
            "event": "minecraft:shoot_spiral_magic"
          }
        },
        {
          "on_environment": {
            "filters": {
              "all_of": [
                {
                  "test": "has_tag",
                  "operator": "==",
                  "value": "shoot_small_fireball"
                }
              ]
            },
            "event": "minecraft:shoot_small_fireball"
          }
        },
        {
          "on_environment": {
            "filters": {
              "all_of": [
                {
                  "test": "has_equipment",
                  "subject": "self",
                  "domain": "hand",
                  "value": "lucky:spiral_triple_bow_3"
                },
                {
                  "test": "has_equipment",
                  "subject": "self",
                  "domain": "hand",
                  "operator": "!=",
                  "value": "minecraft:arrow"
                },
                {
                  "test": "has_tag",
                  "subject": "self",
                  "operator": "==",
                  "value": "ammo_msj"
                }
              ]
            },
            "event": "not_ammo"
          }
        },
        {
          "on_environment": {
            "filters": {
              "all_of": [
                {
                  "test": "has_equipment",
                  "subject": "self",
                  "domain": "hand",
                  "value": "lucky:spiral_triple_bow_2"
                },
                {
                  "test": "has_equipment",
                  "subject": "self",
                  "domain": "hand",
                  "operator": "!=",
                  "value": "minecraft:arrow"
                },
                {
                  "test": "has_tag",
                  "subject": "self",
                  "operator": "==",
                  "value": "ammo_msj"
                }
              ]
            },
            "event": "not_ammo"
          }
        },
        {
          "on_environment": {
            "filters": {
              "all_of": [
                {
                  "test": "has_equipment",
                  "subject": "self",
                  "domain": "hand",
                  "value": "lucky:spiral_triple_bow_1"
                },
                {
                  "test": "has_equipment",
                  "subject": "self",
                  "domain": "hand",
                  "operator": "!=",
                  "value": "minecraft:arrow"
                },
                {
                  "test": "has_tag",
                  "subject": "self",
                  "operator": "==",
                  "value": "ammo_msj"
                }
              ]
            },
            "event": "not_ammo"
          }
        },
        {
          "on_environment": {
            "filters": {
              "all_of": [
                {
                  "test": "has_equipment",
                  "subject": "self",
                  "domain": "hand",
                  "value": "lucky:spiral_triple_bow_0"
                },
                {
                  "test": "has_equipment",
                  "subject": "self",
                  "domain": "hand",
                  "operator": "!=",
                  "value": "minecraft:arrow"
                },
                {
                  "test": "has_tag",
                  "subject": "self",
                  "operator": "==",
                  "value": "ammo_msj"
                }
              ]
            },
            "event": "not_ammo"
          }
        },
        {
          "on_environment": {
            "filters": {
              "all_of": [
                {
                  "test": "has_equipment",
                  "subject": "self",
                  "domain": "hand",
                  "value": "minecraft:arrow"
                }
              ]
            },
            "event": "spiral_triple_bow_arrow"
          }
        },
        {
          "on_environment": {
            "filters": {
              "all_of": [
                {
                  "test": "has_equipment",
                  "subject": "self",
                  "domain": "hand",
                  "value": "lucky:spiral_triple_bow_0"
                }
              ]
            },
            "event": "spiral_triple_bow"
          }
        },
        {
          "on_environment": {
            "filters": {
              "all_of": [
                {
                  "test": "has_equipment",
                  "subject": "self",
                  "domain": "hand",
                  "value": "lucky:spiral_triple_bow_1"
                }
              ]
            },
            "event": "spiral_triple_bow"
          }
        },
        {
          "on_environment": {
            "filters": {
              "all_of": [
                {
                  "test": "has_equipment",
                  "subject": "self",
                  "domain": "hand",
                  "value": "lucky:spiral_triple_bow_2"
                }
              ]
            },
            "event": "spiral_triple_bow"
          }
        },
        {
          "on_environment": {
            "filters": {
              "all_of": [
                {
                  "test": "has_equipment",
                  "subject": "self",
                  "domain": "hand",
                  "value": "lucky:spiral_triple_bow_3"
                }
              ]
            },
            "event": "spiral_triple_bow"
          }
        },
        {
          "on_environment": {
            "filters": {
              "all_of": [
                {
                  "test": "has_equipment",
                  "subject": "self",
                  "domain": "hand",
                  "value": "lucky:astral_axe"
                }
              ]
            },
            "event": "minecraft:astral_axe"
          }
        },
        {
          "on_environment": {
            "filters": {
              "all_of": [
                {
                  "test": "has_equipment",
                  "subject": "self",
                  "domain": "hand",
                  "value": "lucky:crystal_sword"
                }
              ]
            },
            "event": "minecraft:crystal_sword"
          }
        },
        {
          "on_environment": {
            "filters": {
              "all_of": [
                {
                  "test": "has_equipment",
                  "subject": "self",
                  "domain": "hand",
                  "value": "lucky:astral_sword"
                }
              ]
            },
            "event": "minecraft:astral_sword"
          }
        },
        {
          "on_environment": {
            "filters": {
              "all_of": [
                {
                  "test": "has_equipment",
                  "subject": "self",
                  "domain": "hand",
                  "value": "lucky:xray_orb"
                }
              ]
            },
            "event": "minecraft:xray_orb"
          }
        },
        {
          "on_environment": {
            "filters": {
              "all_of": [
                {
                  "test": "has_equipment",
                  "subject": "self",
                  "domain": "hand",
                  "value": "lucky:furious_orb"
                }
              ]
            },
            "event": "minecraft:furious_orb"
          }
        },
        {
          "on_environment": {
            "filters": {
              "all_of": [
                {
                  "test": "has_equipment",
                  "subject": "self",
                  "domain": "hand",
                  "value": "lucky:wind_orb"
                }
              ]
            },
            "event": "minecraft:wind_orb"
          }
        },
        {
          "on_environment": {
            "filters": {
              "all_of": [
                {
                  "test": "has_equipment",
                  "subject": "self",
                  "domain": "hand",
                  "value": "lucky:water_orb"
                }
              ]
            },
            "event": "minecraft:water_orb"
          }
        },
        {
          "on_environment": {
            "filters": {
              "all_of": [
                {
                  "test": "has_equipment",
                  "subject": "self",
                  "domain": "hand",
                  "value": "lucky:poison_orb"
                }
              ]
            },
            "event": "minecraft:poison_orb"
          }
        },
        {
          "on_environment": {
            "filters": {
              "all_of": [
                {
                  "test": "has_equipment",
                  "subject": "self",
                  "domain": "hand",
                  "value": "lucky:jumping_orb"
                }
              ]
            },
            "event": "minecraft:jumping_orb"
          }
        },
        {
          "on_environment": {
            "filters": {
              "all_of": [
                {
                  "test": "has_equipment",
                  "subject": "self",
                  "domain": "hand",
                  "value": "lucky:haste_orb"
                }
              ]
            },
            "event": "minecraft:haste_orb"
          }
        },
        {
          "on_environment": {
            "filters": {
              "all_of": [
                {
                  "test": "has_equipment",
                  "subject": "self",
                  "domain": "hand",
                  "value": "lucky:healing_orb"
                }
              ]
            },
            "event": "minecraft:healing_orb"
          }
        },
        {
          "on_environment": {
            "filters": {
              "all_of": [
                {
                  "test": "has_equipment",
                  "subject": "self",
                  "domain": "hand",
                  "value": "lucky:fire_orb"
                }
              ]
            },
            "event": "minecraft:fire_orb"
          }
        },
        {
          "on_environment": {
            "filters": {
              "all_of": [
                {
                  "test": "has_equipment",
                  "subject": "self",
                  "domain": "hand",
                  "value": "lucky:rainbow_sword"
                }
              ]
            },
            "event": "minecraft:rainbow_sword"
          }
        },
        {
          "on_environment": {
            "filters": {
              "all_of": [
                {
                  "test": "has_equipment",
                  "subject": "self",
                  "domain": "hand",
                  "value": "lucky:rainbow_pickaxe"
                }
              ]
            },
            "event": "minecraft:rainbow_pickaxe"
          }
        },
        {
          "on_environment": {
            "filters": {
              "all_of": [
                {
                  "test": "has_equipment",
                  "subject": "self",
                  "domain": "hand",
                  "value": "lucky:rainbow_axe"
                }
              ]
            },
            "event": "minecraft:rainbow_axe"
          }
        },
        {
          "on_environment": {
            "filters": {
              "all_of": [
                {
                  "test": "has_equipment",
                  "subject": "self",
                  "domain": "hand",
                  "value": "lucky:rainbow_shovel"
                }
              ]
            },
            "event": "minecraft:rainbow_shovel"
          }
        },
        {
          "on_environment": {
            "filters": {
              "all_of": [
                {
                  "test": "has_equipment",
                  "subject": "self",
                  "domain": "hand",
                  "value": "lucky:emerald_sword"
                }
              ]
            },
            "event": "minecraft:emerald_sword"
          }
        },
        {
          "on_environment": {
            "filters": {
              "all_of": [
                {
                  "test": "has_equipment",
                  "subject": "self",
                  "domain": "hand",
                  "value": "lucky:sky_sword"
                }
              ]
            },
            "event": "minecraft:sky_sword"
          }
        },
        {
          "on_environment": {
            "filters": {
              "all_of": [
                {
                  "test": "has_equipment",
                  "subject": "self",
                  "domain": "hand",
                  "value": "lucky:tomb_sword"
                }
              ]
            },
            "event": "minecraft:tomb_sword"
          }
        },
        {
          "on_environment": {
            "filters": {
              "all_of": [
                {
                  "test": "has_equipment",
                  "subject": "self",
                  "domain": "hand",
                  "value": "lucky:tnt_sword"
                }
              ]
            },
            "event": "minecraft:tnt_sword"
          }
        },
        {
          "on_environment": {
            "filters": {
              "all_of": [
                {
                  "test": "has_equipment",
                  "subject": "self",
                  "domain": "hand",
                  "value": "lucky:whiter_sword"
                }
              ]
            },
            "event": "minecraft:whiter_sword"
          }
        },
        {
          "on_environment": {
            "filters": {
              "all_of": [
                {
                  "test": "has_equipment",
                  "subject": "self",
                  "domain": "hand",
                  "value": "lucky:glacial_sword"
                }
              ]
            },
            "event": "minecraft:glacial_sword"
          }
        },
        {
          "on_environment": {
            "filters": {
              "all_of": [
                {
                  "test": "has_equipment",
                  "subject": "self",
                  "domain": "hand",
                  "value": "lucky:burning_sword"
                }
              ]
            },
            "event": "minecraft:burning_sword"
          }
        },
        {
          "on_environment": {
            "filters": {
              "all_of": [
                {
                  "test": "has_equipment",
                  "subject": "self",
                  "domain": "hand",
                  "value": "lucky:betty"
                }
              ]
            },
            "event": "minecraft:betty"
          }
        },
        {
          "on_environment": {
            "filters": {
              "all_of": [
                {
                  "test": "has_equipment",
                  "subject": "self",
                  "domain": "hand",
                  "value": "lucky:knife"
                }
              ]
            },
            "event": "minecraft:knife"
          }
        },
        {
          "on_environment": {
            "filters": {
              "all_of": [
                {
                  "test": "has_equipment",
                  "subject": "self",
                  "domain": "hand",
                  "value": "lucky:thunder_staff"
                }
              ]
            },
            "event": "minecraft:thunder_staff"
          }
        },
        {
          "on_environment": {
            "filters": {
              "all_of": [
                {
                  "test": "has_equipment",
                  "subject": "self",
                  "domain": "hand",
                  "value": "lucky:nyan_cats_staff"
                }
              ]
            },
            "event": "minecraft:nyan_cats_staff"
          }
        },
        {
          "on_environment": {
            "filters": {
              "all_of": [
                {
                  "test": "has_equipment",
                  "subject": "self",
                  "domain": "hand",
                  "value": "lucky:soul_of_determination"
                }
              ]
            },
            "event": "minecraft:soul_of_determination"
          }
        }
      ]
    },
    "events": {
      "spiral_triple_bow": {
        "run_command": {
            "command": [
              "execute @p[scores={charge_sbow=5}] ~ ~ ~ event entity @s minecraft:triple_bow_snowball",
              "execute @p[scores={stop_charge_sbow=-1}] ~ ~ ~ tag @p remove ammo_msj",
              "execute @p[scores={stop_charge_sbow=1}] ~ ~ ~ scoreboard players remove @s stop_charge_sbow 1",
              "execute @p[scores={stop_charge_sbow=2}] ~ ~ ~ scoreboard players remove @s stop_charge_sbow 1",
              "execute @p[scores={stop_charge_sbow=3}] ~ ~ ~ scoreboard players remove @s stop_charge_sbow 1",
              "execute @p[scores={stop_charge_sbow=4}] ~ ~ ~ scoreboard players remove @s stop_charge_sbow 1",
              "execute @p[scores={stop_charge_sbow=5}] ~ ~ ~ scoreboard players remove @s stop_charge_sbow 1",
              "execute @p[scores={stop_charge_sbow=-1}] ~ ~ ~ tag @s add stop_charge_sbow",
              "execute @p[scores={charge_sbow=8}] ~ ~ ~ scoreboard players set @s power_spiral_bow 1",
              "execute @p[scores={charge_sbow=15}] ~ ~ ~ scoreboard players set @s power_spiral_bow 2",
              "execute @p[scores={charge_sbow=22}] ~ ~ ~ scoreboard players set @s power_spiral_bow 3",
              "execute @p[scores={charge_sbow=8}] ~ ~ ~ replaceitem entity @s slot.weapon.mainhand 0 lucky:spiral_triple_bow_1",
              "execute @p[scores={charge_sbow=15}] ~ ~ ~ replaceitem entity @s slot.weapon.mainhand 0 lucky:spiral_triple_bow_2",
              "execute @p[scores={charge_sbow=22}] ~ ~ ~ replaceitem entity @s slot.weapon.mainhand 0 lucky:spiral_triple_bow_3",
              "scoreboard objectives add stop_charge_sbow dummy",
              "scoreboard objectives add charge_sbow dummy",
              "scoreboard objectives add power_spiral_bow dummy",
              "scoreboard objectives add despawn dummy"
          ]
        }
      },
      "spiral_triple_bow_arrow": {
        "run_command": {
            "command": [
              "execute @p[scores={stop_charge_sbow=0},tag=!stop_charge_sbow] ~ ~ ~ execute @s[scores={power_spiral_bow=0}] ~ ~ ~ event entity @s minecraft:shoot_spiral_arrow",
              "execute @p[scores={stop_charge_sbow=0},tag=!stop_charge_sbow] ~ ~ ~ execute @s[scores={power_spiral_bow=1}] ~ ~ ~ event entity @s minecraft:shoot_spiral_arrow_1",
              "execute @p[scores={stop_charge_sbow=0},tag=!stop_charge_sbow] ~ ~ ~ execute @s[scores={power_spiral_bow=2}] ~ ~ ~ event entity @s minecraft:shoot_spiral_arrow_2",
              "execute @p[scores={stop_charge_sbow=0},tag=!stop_charge_sbow] ~ ~ ~ execute @s[scores={power_spiral_bow=3}] ~ ~ ~ event entity @s minecraft:shoot_spiral_arrow_3",
              "execute @p[scores={stop_charge_sbow=0},tag=!stop_charge_sbow] ~ ~ ~ scoreboard players set @s charge_sbow 0",
              "execute @p[scores={stop_charge_sbow=0},tag=!stop_charge_sbow] ~ ~ ~ scoreboard players set @s power_spiral_bow 0",
              "execute @p[scores={stop_charge_sbow=0},tag=!stop_charge_sbow] ~ ~ ~ replaceitem entity @p slot.weapon.mainhand 0 lucky:spiral_triple_bow_0 1",
              "execute @p[scores={stop_charge_sbow=0},tag=!stop_charge_sbow] ~ ~ ~ clear @s arrow 0 1",
              "tag @p[scores={stop_charge_sbow=0},tag=!stop_charge_sbow] remove ammo_msj",
              "execute @p[scores={stop_charge_sbow=0}] ~ ~ ~ scoreboard players remove @s stop_charge_sbow 1"
          ]
        }
      },
      "minecraft:shoot_spiral_arrow": {
        "add": {
          "component_groups": [
            "minecraft:shoot_spiral_arrow"
          ]
        },
        "run_command": {
          "command": [
            "playsound random.bow @a[r=10] ~ ~ ~ 1 0.4"
          ]
        }
      },
      "minecraft:shoot_spiral_arrow_1": {
        "add": {
          "component_groups": [
            "minecraft:shoot_spiral_arrow_1"
          ]
        },
        "run_command": {
          "command": [
            "playsound random.bow @a[r=10] ~ ~ ~ 1 0.4"
          ]
        }
      },
      "minecraft:shoot_spiral_arrow_2": {
        "add": {
          "component_groups": [
            "minecraft:shoot_spiral_arrow_2"
          ]
        },
        "run_command": {
          "command": [
            "playsound random.bow @a[r=10] ~ ~ ~ 1 0.4"
          ]
        }
      },
      "minecraft:shoot_spiral_arrow_3": {
        "add": {
          "component_groups": [
            "minecraft:shoot_spiral_arrow_3"
          ]
        },
        "run_command": {
          "command": [
            "playsound random.bow @a[r=10] ~ ~ ~ 1 0.4"
          ]
        }
      },
      "not_ammo": {
        "run_command": {
          "command": [
            "title @p actionbar §cPlace arrows in your left hand!",
            "replaceitem entity @p slot.weapon.mainhand 0 lucky:spiral_triple_bow_0 1",
            "scoreboard players set @p stop_charge_sbow -1"
          ]
        }
      },
      "minecraft:triple_bow_snowball": {
        "randomize": [
        {
        "weight": 5,
        "run_command": {
          "command": [
              "tag @p add shoot_snowball"
              ]
            }
          },
          {
          "weight": 100,
            "remove": {
             "component_groups": []
            }
          }
        ]
      },
      "minecraft:grenade": {
        "add": {
          "component_groups": [
            "minecraft:grenade"
          ]
        }
      },
      "minecraft:spiral_magic": {
        "add": {
          "component_groups": [
            "minecraft:spiral_magic"
          ]
        }
      },
      "minecraft:lucky_sword": {
        "add": {
          "component_groups": [
            "minecraft:lucky_sword"
          ]
        }
      },
      "minecraft:spiral_lucky_sword": {
        "add": {
          "component_groups": [
            "minecraft:spiral_lucky_sword"
           ]
         }
      },
      "minecraft:the_sizeable_slimy_scimitar": {
          "run_command": {
            "command": [
              "effect @p mining_fatigue 1 1 true",
              "tag @p remove sizeable_slimy_scimitar_stop_event"
          ]
        }
      },
      "minecraft:stop_sizeable_slimy_scimitar_event": {
          "run_command": {
            "command": [
              "effect @p mining_fatigue 0 0",
              "tag @p add sizeable_slimy_scimitar_stop_event"
          ]
        }
      },
      "minecraft:cumbersome_crimson_cutter": {
          "run_command": {
            "command": [
              "effect @p mining_fatigue 1 1 true",
              "tag @p remove cumbersome_crimson_cutter_stop_event"
          ]
        }
      },
      "minecraft:stop_cumbersome_crimson_cutter_event": {
          "run_command": {
            "command": [
              "effect @p mining_fatigue 0 0",
              "tag @p add cumbersome_crimson_cutter_stop_event"
          ]
        }
      },
      "minecraft:big_blue_blade": {
          "run_command": {
            "command": [
              "effect @p mining_fatigue 1 1 true",
              "tag @p remove big_blue_blade_stop_event"
          ]
        }
      },
      "minecraft:stop_big_blue_blade_event": {
          "run_command": {
            "command": [
              "effect @p mining_fatigue 0 0",
              "tag @p add big_blue_blade_stop_event"
          ]
        }
      },
      "minecraft:spiral_demolisher": {
          "run_command": {
            "command": [
              "effect @p haste 1 3 true",
              "tag @p remove spiral_demolisher_stop_event"
          ]
        }
      },
      "minecraft:stop_spiral_demolisher_event": {
          "run_command": {
            "command": [
              "effect @p haste 0 0",
              "tag @p add spiral_demolisher_stop_event"
          ]
        }
      },
      "minecraft:clunky_coral_chainsaw": {
          "run_command": {
            "command": [
              "effect @p mining_fatigue 1 0 true",
              "tag @p remove clunky_coral_chainsaw_stop_event"
          ]
        }
      },
      "minecraft:stop_clunky_coral_chainsaw_event": {
          "run_command": {
            "command": [
              "effect @p mining_fatigue 0 0",
              "tag @p add clunky_coral_chainsaw_stop_event"
          ]
        }
      },
      "minecraft:flame_boots": {
          "run_command": {
            "command": [
              "fill ~ ~ ~ ~ ~ ~ fire 0 replace air",
              "effect @p fire_resistance 1 0 true",
              "tag @p remove flame_boots_stop_event"
          ]
        }
      },
      "minecraft:stop_flame_boots_event": {
          "run_command": {
            "command": [
              "effect @p fire_resistance 0 0",
              "tag @p add flame_boots_stop_event"
          ]
        }
      },
      "minecraft:slime_boots": {
          "run_command": {
            "command": [
              "effect @p jump_boost 1 1 true",
              "tag @p remove slime_boots_stop_event"
          ]
        }
      },
      "minecraft:stop_slime_boots_event": {
          "run_command": {
            "command": [
              "effect @p jump_boost 0 0",
              "tag @p add slime_boots_stop_event"
          ]
        }
      },
      "minecraft:telescope": {
          "run_command": {
            "command": [
              "effect @p slowness 1 10 true",
              "tag @p remove telescope_stop_event"
          ]
        }
      },
      "minecraft:stop_telescope_event": {
          "run_command": {
            "command": [
              "effect @p slowness 0 0",
              "tag @p add telescope_stop_event"
          ]
        }
      },
      "minecraft:shoot_snowball": {
        "add": {
          "component_groups": [
            "minecraft:shoot_snowball"
          ]
        },
          "run_command": {
            "command": [
              "function spiral_sword_events"
          ]
        }
      },
      "minecraft:shoot_arrow": {
        "add": {
          "component_groups": [
            "minecraft:shoot_arrow"
          ]
        },
          "run_command": {
            "command": [
              "function spiral_sword_events"
          ]
        }
      },
      "minecraft:shoot_spiral_magic": {
        "add": {
          "component_groups": [
            "minecraft:shoot_spiral_magic"
          ]
        },
          "run_command": {
            "command": [
              "function spiral_sword_events"
          ]
        }
      },
      "minecraft:spiral_staff": {
        "add": {
          "component_groups": [
            "minecraft:spiral_staff"
          ]
        }
      },
      "minecraft:shoot_small_fireball": {
        "add": {
          "component_groups": [
            "minecraft:shoot_small_fireball"
          ]
        },
          "run_command": {
            "command": [
              "function spiral_sword_events"
          ]
        }
      },
      "minecraft:spiral_lucky_potion": {
        "add": {
          "component_groups": [
            "minecraft:spiral_lucky_potion"
          ]
        }
      },
      "minecraft:spiral_very_lucky_potion": {
        "add": {
          "component_groups": [
            "minecraft:spiral_very_lucky_potion"
          ]
        }
      },
      "minecraft:spiral_unlucky_potion": {
        "add": {
          "component_groups": [
            "minecraft:spiral_unlucky_potion"
          ]
        }
      },
      "minecraft:event_normal_player": {
        "add": {
          "component_groups": [
            "minecraft:normal_player"
          ]
        },
        "remove": {
          "component_groups": [
            "minecraft:lucky_sword",
            "minecraft:astral_sword",
            "minecraft:astral_axe",
            "minecraft:crystal_sword",
            "minecraft:xray_orb",
            "minecraft:furious_orb",
            "minecraft:wind_orb",
            "minecraft:water_orb",
            "minecraft:poison_orb",
            "minecraft:jumping_orb",
            "minecraft:haste_orb",
            "minecraft:healing_orb",
            "minecraft:fire_orb",
            "minecraft:thunder_staff",
            "minecraft:nyan_cats_staff",
            "minecraft:knife",
            "minecraft:betty",
            "minecraft:burning_sword",
            "minecraft:glacial_sword",
            "minecraft:whiter_sword",
            "minecraft:tnt_sword",
            "minecraft:tomb_sword",
            "minecraft:sky_sword",
            "minecraft:emerald_sword",
            "minecraft:rainbow_shovel",
            "minecraft:rainbow_axe",
            "minecraft:rainbow_pickaxe",
            "minecraft:rainbow_sword",
            "minecraft:soul_of_determination"
          ]
        }
      },
      "minecraft:astral_sword": {
        "add": {
          "component_groups": [
            "minecraft:astral_sword"
          ]
        }
      },
      "minecraft:astral_axe": {
        "add": {
          "component_groups": [
            "minecraft:astral_axe"
          ]
        }
      },
      "minecraft:crystal_sword": {
        "add": {
          "component_groups": [
            "minecraft:crystal_sword"
          ]
        }
      },
      "minecraft:xray_orb": {
        "add": {
          "component_groups": [
            "minecraft:xray_orb"
          ]
        }
      },
      "minecraft:furious_orb": {
        "add": {
          "component_groups": [
            "minecraft:furious_orb"
          ]
        }
      },
      "minecraft:wind_orb": {
        "add": {
          "component_groups": [
            "minecraft:wind_orb"
          ]
        }
      },
      "minecraft:water_orb": {
        "add": {
          "component_groups": [
            "minecraft:water_orb"
          ]
        }
      },
      "minecraft:poison_orb": {
        "add": {
          "component_groups": [
            "minecraft:poison_orb"
          ]
        }
      },
      "minecraft:jumping_orb": {
        "add": {
          "component_groups": [
            "minecraft:jumping_orb"
          ]
        }
      },
      "minecraft:haste_orb": {
        "add": {
          "component_groups": [
            "minecraft:haste_orb"
          ]
        }
      },
      "minecraft:healing_orb": {
        "add": {
          "component_groups": [
            "minecraft:healing_orb"
          ]
        }
      },
      "minecraft:fire_orb": {
        "add": {
          "component_groups": [
            "minecraft:fire_orb"
          ]
        }
      },
      "minecraft:rainbow_sword": {
        "add": {
          "component_groups": [
            "minecraft:rainbow_sword"
          ]
        }
      },
      "minecraft:rainbow_pickaxe": {
        "add": {
          "component_groups": [
            "minecraft:rainbow_pickaxe"
          ]
        }
      },
      "minecraft:rainbow_axe": {
        "add": {
          "component_groups": [
            "minecraft:rainbow_axe"
          ]
        }
      },
      "minecraft:rainbow_shovel": {
        "add": {
          "component_groups": [
            "minecraft:rainbow_shovel"
          ]
        }
      },
      "minecraft:emerald_sword": {
        "add": {
          "component_groups": [
            "minecraft:emerald_sword"
          ]
        }
      },
      "minecraft:sky_sword": {
        "add": {
          "component_groups": [
            "minecraft:sky_sword"
          ]
        }
      },
      "minecraft:tomb_sword": {
        "add": {
          "component_groups": [
            "minecraft:tomb_sword"
          ]
        }
      },
      "minecraft:tnt_sword": {
        "add": {
          "component_groups": [
            "minecraft:tnt_sword"
          ]
        }
      },
      "minecraft:whiter_sword": {
        "add": {
          "component_groups": [
            "minecraft:whiter_sword"
          ]
        }
      },
      "minecraft:glacial_sword": {
        "add": {
          "component_groups": [
            "minecraft:glacial_sword"
          ]
        }
      },
      "minecraft:burning_sword": {
        "add": {
          "component_groups": [
            "minecraft:burning_sword"
          ]
        }
      },
      "minecraft:betty": {
        "add": {
          "component_groups": [
            "minecraft:betty"
          ]
        }
      },
      "minecraft:knife": {
        "add": {
          "component_groups": [
            "minecraft:knife"
          ]
        }
      },
      "minecraft:thunder_staff": {
        "add": {
          "component_groups": [
            "minecraft:thunder_staff"
          ]
        }
      },
      "minecraft:nyan_cats_staff": {
        "add": {
          "component_groups": [
            "minecraft:nyan_cats_staff"
          ]
        }
      },
      "minecraft:soul_of_determination": {
        "add": {
          "component_groups": [
            "minecraft:soul_of_determination"
          ]
        }
      },
      "minecraft:gain_bad_omen": {
        "add": {
          "component_groups": [
            "minecraft:add_bad_omen"
          ]
        }
      },
      "minecraft:clear_add_bad_omen": {
        "remove": {
          "component_groups": [
            "minecraft:add_bad_omen"
          ]
        },
        "add": {
          "component_groups": [
            "minecraft:clear_bad_omen_spell_effect"
          ]
        }
      },
      "minecraft:trigger_raid": {
        "add": {
          "component_groups": [
            "minecraft:raid_trigger"
          ]
        }
      },
      "minecraft:remove_raid_trigger": {
        "remove": {
          "component_groups": [
            "minecraft:raid_trigger"
          ]
        }
      }
    }
  }
}