{
  "format_version": "1.11.0",
  "minecraft:entity": {
    "description": {
      "identifier": "entity:random_spawn_lucky_blocks",
      "is_spawnable": false,
      "is_summonable": true,
      "is_experimental": false
    },
    "component_groups": { "despawn": { "minecraft:despawn": {} } 
    },
    "components": {
      "minecraft:physics": {}
    },
    "events": {
      "minecraft:entity_spawned": {
        "sequence": [
          {
           "add": { "component_groups": [ "despawn" ] }
          },
          {
           "randomize": [
              {
               "weight": 1, 
                 "randomize": [
                  { "weight": 1, "run_command": { "command": [ "fill ~3 ~-3 ~3 ~-3 ~ ~-3 effect99:spiral_lucky_block 0 replace effect99:lucky_block" ] } },
                  { "weight": 1, "run_command": { "command": [ "fill ~2 ~-2 ~2 ~-2 ~ ~-2 effect99:spiral_lucky_block 0 replace effect99:lucky_block" ] } },
                  { "weight": 1, "run_command": { "command": [ "fill ~1 ~-1 ~1 ~-1 ~ ~-1 effect99:spiral_lucky_block 0 replace effect99:lucky_block" ] } }
                ]
              },
              {
               "weight": 1, 
                 "randomize": [
                  { "weight": 1, "run_command": { "command": [ "fill ~3 ~-3 ~3 ~-3 ~ ~-3 effect99:lucky_block_rainbow 0 replace effect99:lucky_block" ] } },
                  { "weight": 1, "run_command": { "command": [ "fill ~2 ~-2 ~2 ~-2 ~ ~-2 effect99:lucky_block_rainbow 0 replace effect99:lucky_block" ] } },
                  { "weight": 1, "run_command": { "command": [ "fill ~1 ~-1 ~1 ~-1 ~ ~-1 effect99:lucky_block_rainbow 0 replace effect99:lucky_block" ] } }
                ]
              },
              {
               "weight": 1, 
                 "randomize": [
                  { "weight": 1, "run_command": { "command": [ "fill ~3 ~-3 ~3 ~-3 ~ ~-3 effect99:astral_lucky_block 0 replace effect99:lucky_block" ] } },
                  { "weight": 1, "run_command": { "command": [ "fill ~2 ~-2 ~2 ~-2 ~ ~-2 effect99:astral_lucky_block 0 replace effect99:lucky_block" ] } },
                  { "weight": 1, "run_command": { "command": [ "fill ~1 ~-1 ~1 ~-1 ~ ~-1 effect99:astral_lucky_block 0 replace effect99:lucky_block" ] } }
                ]
              },
              {
               "weight": 1, 
                 "randomize": [
                  { "weight": 1, "run_command": { "command": [ "fill ~3 ~-3 ~3 ~-3 ~ ~-3 effect99:good_luck_block 0 replace effect99:lucky_block" ] } },
                  { "weight": 1, "run_command": { "command": [ "fill ~2 ~-2 ~2 ~-2 ~ ~-2 effect99:good_luck_block 0 replace effect99:lucky_block" ] } },
                  { "weight": 1, "run_command": { "command": [ "fill ~1 ~-1 ~1 ~-1 ~ ~-1 effect99:good_luck_block 0 replace effect99:lucky_block" ] } }
                ]
              },
              {
               "weight": 1, 
                 "randomize": [
                  { "weight": 1, "run_command": { "command": [ "fill ~3 ~-3 ~3 ~-3 ~ ~-3 effect99:unlucky_block 0 replace effect99:lucky_block" ] } },
                  { "weight": 1, "run_command": { "command": [ "fill ~2 ~-2 ~2 ~-2 ~ ~-2 effect99:unlucky_block 0 replace effect99:lucky_block" ] } },
                  { "weight": 1, "run_command": { "command": [ "fill ~1 ~-1 ~1 ~-1 ~ ~-1 effect99:unlucky_block 0 replace effect99:lucky_block" ] } }
                ]
              }
            ]
          }
        ]
      }
    }
  }
}